{
  "random_search": {
    "best_energy": -1.9153706474746353,
    "best_depth": 10,
    "energy_errors": [
      0.07843201138759226,
      0.07843201077895379,
      0.0784320102866558,
      2.9356992993223585e-05,
      2.935425839267758e-05,
      0.0784320130144982,
      2.935618541544116e-05,
      2.9433358543107246e-05,
      2.9355491983462656e-05,
      2.935426259309537e-05,
      2.9358150782643477e-05,
      0.07843201233777553,
      2.9352997612308585e-05,
      0.07843201132021904,
      2.935271105419801e-05,
      2.935486221589123e-05,
      2.9357277090857892e-05,
      2.9355568199163073e-05,
      0.07843201606134276,
      2.93573012681847e-05,
      0.07843201371981534,
      2.9355189565372086e-05,
      0.07845088344503637,
      2.935365758083286e-05,
      2.935539625803507e-05,
      2.9354112543789057e-05,
      2.9371546045542374e-05,
      2.9612873496231984e-05,
      0.07843208218195685,
      0.07843201347139694,
      2.9356242238653962e-05,
      2.9360170398229357e-05,
      2.9352914815650166e-05,
      2.9354903681610978e-05,
      0.07843201066725469,
      0.8517466566003611,
      2.9369006100399275e-05,
      2.936039001055768e-05,
      0.0784320122230171,
      2.9355230505956342e-05,
      2.935444752050209e-05,
      2.935372289392113e-05,
      2.9353681580523983e-05,
      2.93534187620903e-05,
      2.9360022823166076e-05,
      2.9353448728564047e-05,
      2.9359396600314724e-05,
      2.9353290958100686e-05,
      2.936334977499122e-05,
      2.9353416536537225e-05,
      0.0784320136802954,
      2.935376114221455e-05,
      2.93546740621764e-05,
      2.9354662596015046e-05,
      2.9353725720770996e-05,
      2.935635414402782e-05,
      2.9353222865680095e-05,
      2.9363657586545244e-05,
      2.9352844190144722e-05,
      2.935334175457882e-05,
      2.935469070153296e-05,
      0.07843201226638508,
      0.07843206130806912,
      2.9358716678640207e-05,
      2.935503311340959e-05,
      2.9355161408339825e-05,
      2.936409588927269e-05,
      2.9358567512405287e-05,
      2.935467486508969e-05,
      2.9353633756556974e-05,
      0.07843201168388347,
      0.07843201229921659,
      0.0784320118829509,
      2.935537147252809e-05,
      2.9355893546023637e-05,
      0.07843701657495261,
      2.93537479432171e-05,
      2.9353064897597037e-05,
      0.07843201087350793,
      0.8517466556365025,
      0.07843202367523672,
      0.07843201060642224,
      2.9361661255000726e-05,
      0.07843284352634661,
      2.9356511725753265e-05,
      2.9356732325069856e-05,
      2.9354164708728092e-05,
      2.9354194483577345e-05,
      2.9355638198058642e-05,
      0.07843201455472992,
      2.9357108642491525e-05,
      2.9353296372214288e-05,
      2.9353050957414695e-05,
      0.8517466552393544,
      2.935348644261815e-05,
      0.07843201168991576,
      2.935715622132129e-05,
      2.9355801592023667e-05,
      2.9353634140028007e-05,
      0.07843201719258763,
      2.9434064287459094e-05,
      0.8517466571335064,
      2.935302753526159e-05,
      2.9356030458282945e-05,
      2.935287569094669e-05,
      2.935310624652132e-05,
      2.9352935972726257e-05,
      2.9353540019982916e-05,
      2.935294498929153e-05,
      2.9354823680494135e-05,
      2.9356266807889497e-05,
      2.935337529796911e-05,
      0.07843201384879661,
      2.9352525364734205e-05,
      2.9353425769595987e-05,
      0.8517466519822434,
      2.9354647198109873e-05,
      0.0784320178001714,
      2.9353500476725358e-05,
      0.07843201457483318,
      2.9353702609480337e-05,
      2.9368045735722603e-05,
      2.935430286554741e-05,
      0.0784320116474364,
      0.8517466501794748,
      2.9355187258106596e-05,
      2.9361882697198638e-05,
      0.07844795210282829,
      2.935417313731925e-05,
      2.935601011166966e-05,
      0.07843201176458447,
      2.935613778132229e-05,
      2.9352668737825383e-05,
      2.935423613914523e-05,
      2.9352914683977716e-05,
      0.07843201091868512,
      0.07843202246570313,
      0.07843201092494456,
      2.9353242859242457e-05,
      2.936414245335861e-05,
      2.9356658551860093e-05,
      2.9360078809714807e-05,
      0.8517466500000002,
      2.9367061154195184e-05,
      2.9356103403932465e-05,
      2.935286563099382e-05,
      0.8517466499999999,
      2.935462357411822e-05,
      2.935733540909702e-05,
      2.935510870094582e-05,
      2.935906855849879e-05,
      2.93526010402001e-05,
      0.07843201566618796,
      0.07843201174631553,
      2.9355447221712794e-05,
      2.936449435653188e-05,
      2.9356420354620383e-05,
      0.07843201154441082,
      2.9352840258844992e-05,
      2.9358120848588243e-05,
      0.07843201054227866,
      0.07843201468792804,
      2.9354846562190673e-05,
      2.9354882397525373e-05,
      2.9356470544250612e-05,
      2.9355874575198726e-05,
      2.9353900326434257e-05,
      2.9353656831210273e-05,
      0.07843201163353863,
      2.9354731007957824e-05,
      2.9357109100125456e-05,
      2.9355590562163414e-05,
      2.937712641171153e-05,
      0.0784320114072874,
      2.935917655677578e-05,
      2.935406792170525e-05,
      2.9357551624586975e-05,
      0.07843201963181778,
      0.07843201161098179,
      2.935670649395483e-05,
      2.935506965329182e-05,
      2.935814779947421e-05,
      2.93531211008613e-05,
      0.07843201160624624,
      2.9361099604940932e-05,
      2.9353736552772958e-05,
      2.9354058234343228e-05,
      2.935425842931494e-05,
      0.07843201111636144,
      0.07843201174741687,
      2.93543868199464e-05,
      2.9353667046816412e-05,
      2.93557501198638e-05,
      0.07843201303105296,
      2.936004539555448e-05,
      2.9355521141471996e-05,
      2.9352854921782523e-05,
      0.07843201328398774,
      0.07843201219509344,
      0.051428094170184124
    ],
    "depths": [
      10,
      10,
      10,
      8,
      5,
      10,
      7,
      6,
      6,
      7,
      6,
      10,
      4,
      10,
      9,
      7,
      3,
      10,
      10,
      8,
      10,
      7,
      10,
      7,
      5,
      6,
      8,
      10,
      10,
      10,
      8,
      7,
      6,
      8,
      10,
      10,
      9,
      6,
      10,
      6,
      6,
      4,
      3,
      6,
      8,
      5,
      5,
      6,
      6,
      7,
      10,
      4,
      6,
      10,
      6,
      9,
      6,
      5,
      9,
      7,
      4,
      10,
      10,
      10,
      9,
      9,
      6,
      10,
      4,
      7,
      10,
      10,
      10,
      9,
      9,
      10,
      7,
      5,
      10,
      10,
      10,
      10,
      8,
      10,
      7,
      8,
      10,
      6,
      6,
      10,
      5,
      6,
      5,
      10,
      6,
      10,
      9,
      6,
      9,
      10,
      9,
      10,
      7,
      4,
      4,
      6,
      4,
      7,
      7,
      6,
      8,
      7,
      10,
      10,
      8,
      10,
      5,
      10,
      9,
      10,
      9,
      4,
      5,
      10,
      10,
      5,
      5,
      10,
      5,
      4,
      10,
      8,
      8,
      6,
      7,
      10,
      10,
      10,
      10,
      6,
      6,
      3,
      10,
      7,
      4,
      8,
      10,
      7,
      3,
      4,
      9,
      7,
      10,
      10,
      7,
      6,
      6,
      10,
      3,
      5,
      10,
      10,
      4,
      5,
      10,
      10,
      9,
      6,
      10,
      7,
      4,
      4,
      9,
      10,
      9,
      8,
      5,
      10,
      10,
      7,
      8,
      5,
      7,
      10,
      5,
      7,
      10,
      6,
      10,
      10,
      8,
      7,
      9,
      10,
      7,
      3,
      9,
      10,
      10,
      10
    ],
    "success_rate": 0.7,
    "energy_error": 2.9352525364734205e-05,
    "success": true,
    "depth": 10,
    "wall_time_s": 20.95
  },
  "genetic_algorithm": {
    "best_energy": -1.9153706475464802,